1;0;Elektronika
2;1;Laptopy | Tablety
3;2;Laptopy
4;2;Laptopy Apple MacBook
5;2;Microsoft Surface
6;2;Akcesoria do laptopów
7;2;Tablety
8;2;Akcesoria do tabletów
9;2;Czytniki e-book
10;2;Akcesoria do czytników
11;1;Komputery | Serwery
12;11;Komputery PC
13;11;Komputery Mac
14;11;Komputery All-In-One
15;11;Komputery Mini-PC
16;11;Intel Extreme Masters
17;11;PC on stick
18;11;Serwery
19;11;Stacje Robocze
20;11;Pakiety Serwisowe
21;1;Cz??ci PC
22;21;Akcesoria do dysków twardych
23;21;Akcesoria do kart graficznych
24;21;Akcesoria do obudów
25;21;Akcesoria do p?yt g?ównych
26;21;Ch?odzenie
27;21;Czytniki kart pami?ci wewn?trzne
28;21;Dyski
29;21;Karty d?wi?kowe
30;21;Karty graficzne
31;21;Kontrolery PCI
32;21;Modding
33;21;Nap?dy optyczne
34;21;Obudowy komputerowe
35;21;Pami?ci RAM
36;21;P?yty g?ówne
37;21;Procesory
38;21;Sloty (Brackets)
39;21;Zasilacze do obudów
40;1;Dla graczy
41;40;Gry
42;40;Sprz?t PC do gier
43;40;Laptopy do gier
44;40;PlayStation 4
45;40;PlayStation 3
46;40;PlayStation Vita
47;40;Karty PSN
48;40;Xbox ONE
49;40;Xbox 360
50;40;Karty Xbox Live/CSV
51;40;Nintendo SWITCH
52;40;Nintendo 2DS/3DS
53;40;Nintendo Classic Mini NES
54;40;Fotele gamingowe
55;40;Biurka gamingowe
56;40;Artyku?y kolekcjonerskie
57;40;Pady do smartfonów
58;1;Peryferia PC
59;58;Akcesoria do monitorów
60;58;Czytniki kart pami?ci
61;58;Drukowanie
62;58;Dyski zewn?trzne
63;58;Etui do dysków zewn?trznych
64;58;Stacje dyskietek
65;58;G?o?niki
66;58;Kamery internetowe
67;58;Karty d?wi?kowe (zewn.)
68;58;Karty Video
69;58;Klawiatury
70;58;Klawiatura i mysz - zestawy
71;58;Kontrolery do gier PC
72;58;Mikrofony
73;58;Monitory
74;58;Myszki
75;58;Nap?dy optyczne zewn?trzne
76;58;Pendrive
77;58;Podk?adki pod myszk?
78;58;Prezentery i wska?niki
79;58;Projektory i ekrany
80;58;Skanery
81;58;S?uchawki
82;58;Storage i Archiwizacja
83;58;Tablety graficzne
84;58;Tunery TV USB
85;58;Urz?dzenia wielofunkcyjne
86;58;Zasilanie awaryjne
87;1;Sieci i komunikacja
88;87;Akcesoria sieciowe
89;87;Anteny sieciowe
90;87;Karty sieciowe
91;87;Modemy USB
92;87;Monitoring
93;87;NAS - serwery plików
94;87;Prze??czniki
95;87;Prze??czniki KVM
96;87;Punkty dost?pu
97;87;Routery
98;87;Serwery wydruku
99;87;Systemy Mesh
100;87;Szafy RACK
101;87;Transmitery sieciowe (powerline)
102;87;Wzmacniacze sygna?u
103;87;Zapory ogniowe (firewall)
104;1;Inteligentny dom
105;104;Asystenci g?osowi
106;104;Centralki do inteligentnego domu
107;104;Czujniki inteligentne
108;104;Inteligentne gniazdka (Smart Plug)
109;104;Inteligentne o?wietlenie
110;104;Inteligentne ogrzewanie
111;104;Inteligentne stacje pogodowe
112;104;Kamery do monitoringu
113;104;Panele inteligentne
114;104;Piloty IR
115;104;Przyciski inteligentne
116;104;Sterowniki inteligentne
117;104;Systemy alarmowe
118;104;Wideodomofony
119;104;Zestawy do monitoringu
120;104;Zestawy inteligentnego domu
121;1;Oprogramowanie
122;121;Antywirusy i bezpiecze?stwo
123;121;Biurowe
124;121;Dla dzieci
125;121;Graficzne, video i projektowanie
126;121;Ksi??ki i podr?czniki
127;121;Mapy do nawigacji
128;121;Muzyczne
129;121;Narz?dziowe
130;121;Oprogramowanie dla Apple
131;121;Systemy baz danych
132;121;Systemy operacyjne
133;121;Zarz?dzanie firm?
134;1;Akcesoria | Eksploatacja
135;134;Akcesoria Foto
136;134;Akcesoria GSM
137;134;Akcesoria dla zmotoryzowanych
138;134;Akcesoria USB
139;134;Druk - materia?y eksploatacyjne
140;134;Kable i adaptery
141;134;Kosmetyka biurowa
142;134;No?niki danych
143;134;Zasilanie
144;1;Foto | Wideo
145;144;Drukarki sublimacyjne
146;144;Aparaty cyfrowe
147;144;Kamery
148;144;Lampy b?yskowe
149;144;Obiektywy
150;144;Statywy
151;144;Gimbale
152;144;Karty pami?ci
153;144;Akcesoria do kamer sportowych
154;144;Akcesoria Foto
155;144;Torby, Pokrowce
156;144;Drony
157;144;Sprz?t optyczny
158;144;Ramki cyfrowe do zdj??
159;1;Biuro | Firma
160;159;Akcesoria na biurko
161;159;Akcesoria do niszczarek
162;159;Archiwizacja dokumentów
163;159;Artyku?y pi?miennicze
164;159;Czytniki kodów kreskowych
165;159;Drukarki etykiet
166;159;Flipcharty
167;159;Liczarki pieni?dzy
168;159;Meble biurowe
169;159;Niszczarki dokumentów
170;159;Oprawa dokumentów
171;159;Organizacja dokumentów
172;159;Projektory i ekrany
173;159;Rolki do kas fiskalnych
174;159;Tablice
175;159;Tablice interaktywne
176;159;Telefonia analogowa
177;159;Telefonia VOIP
178;159;Testery pieni?dzy
179;159;Uzdatnianie powietrza
180;159;Wideokonferencje
181;1;Rozwi?zania profesjonalne
182;181;Monitory reklamowe (Digital Signage)
183;181;Monitory przemys?owe
184;0;Telefony i Smartwatche
185;184;Telefony i Smartfony
186;185;Wszystkie telefony
187;185;Telefony iPhone
188;185;Telefony z Dual SIM
189;185;Telefony dotykowe
190;185;Telefony z LTE
191;184;Akcesoria GSM
192;191;S?uchawki do telefonu
193;191;Baterie do telefonów
194;191;Etui na telefon
195;191;Transmitery FM
196;191;Gimbale
197;191;G?o?niki przeno?ne
198;191;Kable do telefonów
199;191;Kamery termowizyjne do smartfonów
200;191;Karty Micro Secure Digital (microSD)
201;191;Kosmetyka
202;191;Lampy LED do smartfonów
203;191;?adowarki do telefonu
204;191;Obiektywy do smartfonów
205;191;Ochrona ekranu
206;191;Okulary VR
207;191;Pady do smartfonów
208;191;Piloty IR
209;191;Podk?adki antypo?lizgowe
210;191;Podstawki i standy
211;191;Power Banki
212;191;Pozosta?e
213;191;Rysiki
214;191;Stacje dokuj?ce do telefonów
215;191;Selfie stick
216;191;Uchwyty do telefonów
217;191;Zestawy s?uchawkowe
218;184;Telefonia VOIP
219;218;Telefony VOIP
220;218;Bramki VOIP
221;218;Akcesoria do VOIP
222;184;Telefonia analogowa
223;222;S?uchawki dla biznesu
224;222;Dodatkowe s?uchawki do telefonów
225;222;Telefony stacjonarne
226;222;Telefony ISDN
227;184;Smartwatche i zegarki
228;227;Smartwatche
229;227;Zegarki sportowe
230;227;Opaski sportowe
231;227;Paski do zegarków
232;227;Akcesoria do zegarków sportowych
233;0;Telewizory i RTV
234;233;Telewizory
235;234;Wszystkie telewizory
236;234;Telewizory Full HD
237;234;Telewizory 4K Ultra HD
238;234;Telewizory zakrzywione
239;234;Telewizory z Ambilight
240;233;Projektory i ekrany
241;240;Projektory
242;240;Ekrany do projektorów
243;240;Uchwyty do projektorów
244;240;Tablice interaktywne
245;240;Akcesoria do projektorów
246;233;Tunery | dekodery
247;246;Tunery DVB-T (Telewizja naziemna)
248;246;Tunery DVB-S (Telewizja satelitarna)
249;246;Tunery TV USB
250;233;Kino domowe
251;250;Zestawy kina domowego
252;250;Amplitunery
253;250;Wzmacniacze audio
254;250;G?o?niki soundbar
255;250;Kolumny
256;250;Subwoofery
257;233;Odtwarzacze video
258;257;Odtwarzacze DVD
259;257;Odtwarzacze Blu-Ray
260;257;Odtwarzacze przeno?ne
261;257;Odtwarzacze multimedialne
262;233;Sprz?t audio
263;262;Amplitunery
264;262;G?o?niki bezprzewodowe domowe
265;262;G?o?niki przeno?ne
266;262;G?o?niki soundbar
267;262;Gramofony
268;262;Kolumny
269;262;Mikrofony
270;262;Mikro i Mini Wie?e
271;262;Przetworniki DAC
272;262;Radiobudziki
273;262;Radia kuchenne
274;262;Radioodtwarzacze
275;262;Subwoofery
276;262;S?uchawki
277;262;Akcesoria do s?uchawek
278;262;Wzmacniacze audio
279;262;Aparaty s?uchowe
280;233;Akcesoria RTV
281;280;Adaptery
282;280;Adaptery Wi-Fi
283;280;Akcesoria do dyktafonów
284;280;Anteny
285;280;Apple TV
286;280;Kable antenowe
287;280;Kable audio
288;280;Kable video
289;280;Konwertery satelitarne
290;280;Listwy zasilaj?ce
291;280;Mocowania do RTV
292;280;Piloty do TV
293;280;Prze??czniki i splittery
294;280;Przystawki Smart TV
295;233;Odtwarzacze MP3, MP4, iPod
296;295;Odtwarzacze MP3
297;295;Odtwarzacze MP4
298;233;Ramki cyfrowe do zdj??
299;298;Wszystkie ramki cyfrowe
300;298;Ramki cyfrowe Hama
301;298;Ramki cyfrowe Intenso
302;233;Dyktafony cyfrowe
303;302;Dyktafony
304;302;Akcesoria do dyktafonów
305;0;AGD
306;305;Ma?e AGD do kuchni
307;306;Blendery
308;306;Ch?odziarki do mleka
309;306;Czajniki elektryczne
310;306;Ekspresy do kawy
311;306;Filtracja wody
312;306;Frytkownice
313;306;Gofrownice
314;306;Grille elektryczne
315;306;Jajowary
316;306;Kombiwary
317;306;Kostkarki do lodu
318;306;Krajalnice
319;306;Maszynki do lodów
320;306;Maszynki do mielenia
321;306;Miksery
322;306;M?ynki do kawy
323;306;Multicookery
324;306;Nale?nikarki
325;306;Opiekacze
326;306;Parowary
327;306;Patelnie elektryczne
328;306;Roboty kuchenne
329;306;Saturatory
330;306;Sokowirówki
331;306;Spieniacze do mleka
332;306;Suszarki do warzyw i owoców
333;306;Szatkownice
334;306;Szybkowary
335;306;Tostery
336;306;Wagi kuchenne
337;306;Wyciskarki
338;306;Wypiekacze do chleba
339;306;Zupowary
340;306;Wolnowary
341;306;Jogurtownice
342;305;Ma?e AGD do domu
343;342;Akcesoria do prasowania
344;342;Akcesoria do mopów parowych
345;342;Budziki
346;342;Deski do prasowania
347;342;Golarki do ubra?
348;342;Grzejniki
349;342;Higrometry
350;342;Klimatyzatory
351;342;Maszyny do szycia
352;342;Mopy parowe
353;342;Oczyszczacze parowe
354;342;Oczyszczacze powietrza
355;342;Odkurzacze
356;342;Odkurzacze pionowe
357;342;Party Time
358;342;Roboty sprz?taj?ce
359;342;Stacje pogody
360;342;Termowentylatory
361;342;Wentylatory
362;342;Zgrzewarki folii
363;342;?elazka
364;305;Ma?e AGD do higieny i piel?gnacji
365;364;Depilatory laserowe
366;364;Depilatory
367;364;Depilatory IPL
368;364;Frezarki do paznokci
369;364;Golarki damskie
370;364;Golarki m?skie
371;364;Irygatory do z?bów
372;364;Karbownice
373;364;Koce elektryczne
374;364;Lokówki
375;364;Lusterka
376;364;Masa?ery do cia?a
377;364;Masa?ery do stóp
378;364;Maszynki do strzy?enia
379;364;Mikrodermabrazja
380;364;Pasy stymuluj?ce
381;364;Prostownice
382;364;Redukcja podwójnego podbródka
383;364;Sauny
384;364;Suszarki
385;364;Suszarko-lokówki
386;364;Szczoteczki do twarzy
387;364;Szczoteczki elektryczne do z?bów
388;364;Szczotki
389;364;Termoloki
390;364;Trymery
391;364;Urz?dzenia do liftingu
392;364;Usuwanie zrogowacia?ego naskórka
393;364;Wagi ?azienkowe
394;364;Wybielanie z?bów
395;364;Zestawy do manicure, pedicure
396;305;Ma?e AGD dla zdrowia
397;396;Ci?nieniomierze
398;396;Elektroniczne nianie
399;396;Inhalatory
400;396;Koce elektryczne
401;396;Lampy lecznicze
402;396;Podgrzewacze
403;396;Pulsometry medyczne
404;396;Sterylizatory
405;396;Termometry
406;396;Wagi ?azienkowe
407;305;Du?e AGD wolnostoj?ce
408;407;Ch?odziarki do wina
409;407;Kuchenki
410;407;Kuchenki mikrofalowe
411;407;Lodówki
412;407;Lodówki turystyczne
413;407;Piekarniki wolnostoj?ce
414;407;Pralki
415;407;Pralko-suszarki
416;407;Suszarki do bielizny
417;407;Zamra?arki
418;407;Zmywarki
419;305;Du?e AGD do zabudowy
420;419;Ekspresy do kawy do zabudowy
421;419;Kuchenki mikrofalowe do zabudowy
422;419;Lodówki do zabudowy
423;419;Okapy kuchenne
424;419;Piekarniki
425;419;P?yty grzewcze
426;419;Pralki do zabudowy
427;419;Pralko-suszarki do zabudowy
428;419;Szuflady grzewcze
429;419;Zamra?arki do zabudowy
430;419;Zmywarki do zabudowy
431;305;Sprz?t do kawy
432;431;Ekspresy do kawy
433;431;Kawiarki
434;431;M?ynki do kawy
435;431;Kawa i napoje w kapsu?kach
436;431;Spieniacze do mleka
437;431;Ch?odziarki do mleka
438;431;Akcesoria do ekspresów
439;305;Sprz?t do Sous Vide
440;439;Cyrkulatory do Sous Vide
441;305;Uzdatnianie powietrza
442;441;Aromatyzery
443;441;Nawil?acze powietrza
444;441;Oczyszczacze powietrza
445;441;Osuszacze powietrza
446;441;Akcesoria do oczyszczaczy
447;305;Akcesoria AGD
448;447;Akcesoria do depilatorów
449;447;Akcesoria do ekspresów
450;447;Akcesoria do golarek m?skich
451;447;Akcesoria do lodówek
452;447;Akcesoria do lodówek turystycznych
453;447;Akcesoria do maszynek do mielenia
454;447;Akcesoria do oczyszczaczy
455;447;Akcesoria do odkurzaczy
456;447;Akcesoria do okapów kuchennych
457;447;Akcesoria do piekarników
458;447;Akcesoria do prania
459;447;Akcesoria do robotów kuchennych
460;447;Akcesoria do szczoteczek
461;447;Akcesoria do zgrzewarek do folii
462;447;Akcesoria do zmywarek
463;447;Akcesoria kuchenne
464;447;Kawa i napoje w kapsu?kach
465;0;Dom
466;465;Narz?dzia i majsterkowanie
467;466;Agregaty pr?dotwórcze
468;466;Narz?dzia r?czne
469;466;Elektronarz?dzia
470;466;Narz?dzia pomiarowe
471;466;Narz?dzia specjalistyczne
472;466;Odzie? budowlana
473;465;Sprz?tanie
474;473;Akcesoria do mopów
475;473;Akcesoria do mopów parowych
476;473;Akcesoria do prasowania
477;473;Akcesoria do sprz?tania
478;473;Chemia gospodarcza
479;473;Deski do prasowania
480;473;Kije
481;473;Miot?y, szczotki i szufelki
482;473;Mopy
483;473;Mopy parowe
484;473;Myjki do okien
485;473;Oczyszczacze parowe
486;473;Odkurzacze
487;473;Roboty sprz?taj?ce
488;473;Suszarki do prania
489;473;?ci?gaczki do szyb
490;465;Kuchnia
491;490;Wyposa?enie kuchni
492;490;Przybory do gotowania
493;490;Naczynia
494;490;Akcesoria do kuchni
495;490;Radia kuchenne
496;465;Jadalnia
497;496;Serwowanie posi?ków
498;496;Szk?o sto?owe
499;496;Zestawy sztu?ców
500;465;?azienka
501;500;Dozowniki do p?ynów
502;500;Kosze na pranie
503;500;Kosze na ?mieci do ?azienki
504;500;Stojaki prysznicowe
505;500;Szczotki do WC
506;500;Lusterka
507;500;?ci?gaczki do szyb
508;500;Uchwyty na papier toaletowy
509;500;Wagi ?azienkowe
510;465;Pokój dzieci?cy
511;510;Dekoracje dla dzieci
512;510;Kocyki
513;510;Lampki dzieci?ce
514;510;?ó?eczka
515;510;Pojemniki na zabawki
516;510;Po?ciele i prze?cierad?a dla dzieci
517;510;Projektory dla dzieci
518;465;Dekoracja domu
519;518;Akcesoria do ?wiec zapachowych
520;518;Narz?dzia dekoracyjne
521;518;?wieczki zapachowe
522;518;Zapachy do domu
523;518;Zegary ?cienne
524;465;Wyposa?enie wn?trz
525;524;Wieszaki
526;465;Elektryka
527;526;Czujniki
528;526;Gniazdka elektryczne
529;526;Mediaporty
530;526;Mierniki energii
531;526;Programatory czasowe
532;526;Wideodomofony
533;526;Zasilanie
534;526;Zasilanie awaryjne
535;465;O?wietlenie
536;535;Akcesoria LED
537;535;Inteligentne o?wietlenie
538;535;Lampy
539;535;Lampy LED
540;535;Lampki USB
541;535;Latarki
542;535;O?wietlenie samochodowe
543;535;?wietlówki LED
544;535;Ta?my LED
545;535;?arówki LED
546;465;Inteligentny dom
547;546;Asystenci g?osowi
548;546;Centralki do inteligentnego domu
549;546;Czujniki inteligentne
550;546;Inteligentne gniazdka (Smart Plug)
551;546;Inteligentne o?wietlenie
552;546;Inteligentne ogrzewanie
553;546;Inteligentne stacje pogodowe
554;546;Kamery do monitoringu
555;546;Panele inteligentne
556;546;Piloty IR
557;546;Przyciski inteligentne
558;546;Sterowniki inteligentne
559;546;Systemy alarmowe
560;546;Wideodomofony
561;546;Zestawy do monitoringu
562;546;Zestawy inteligentnego domu
563;0;Ogród
564;563;Elektronarz?dzia ogrodowe
565;564;Aeratory
566;564;Dmuchawy
567;564;Glebogryzarki
568;564;Kosiarki
569;564;?uparki
570;564;Myjki ci?nieniowe
571;564;No?yce elektryczne
572;564;Odkurzacze ogrodowe
573;564;Pilarki ogrodowe
574;564;Podkaszarki
575;564;Pompy ogrodowe
576;564;Roboty ogrodowe
577;564;Rozdrabniarki
578;564;Systemy do obróbki ?cian
579;564;Wertykulatory
580;564;Akcesoria do myjek ci?nieniowych
581;564;Wielofunkcyjne narz?dzie ogrodowe
582;564;Zamiatarki
583;563;Narz?dzia ogrodowe
584;583;Drobne narz?dzia ogrodowe
585;583;Grabie
586;583;Kosiarki r?czne
587;583;M?oty ogrodowe
588;583;No?e
589;583;No?yce ogrodowe
590;583;Opryskiwacze
591;583;Pi?y ogrodowe
592;583;P?ugi i odgarniacze
593;583;Sekatory
594;583;Siekiery
595;583;Skuwacze do lodu
596;583;Szczotki
597;583;Szpadle
598;583;Szufle
599;583;?widry
600;583;Tasaki
601;583;Wid?y
602;583;Zestawy narz?dzi ogrodowych
603;583;Trzonki
604;563;Sprz?t ogrodowy
605;604;Baseny ogrodowe
606;604;Doniczki i pojemniki
607;604;Grille ogrodowe
608;604;Akcesoria do grilla
609;604;Materace do p?ywania
610;604;Skrzynie ogrodowe
611;604;Suszarki ogrodowe
612;604;Zgniatarki do butelek
613;563;Nawadnianie ogrodu
614;613;Akcesoria do nawadniania
615;613;Ko?cówki zraszaj?ce
616;613;Sterowniki nawadniania
617;613;W??e ogrodowe
618;613;Wózki do w??y ogrodowych
619;613;Zraszacze ogrodowe
620;563;Zabawki ogrodowe
621;620;Baseny ogrodowe
622;620;Domki
623;620;Materace do p?ywania
624;620;Place zabaw i piaskownice
625;620;Pojazdy dla dzieci
626;620;Zabawki wodne
627;620;Zje?d?alnie i hu?tawki
628;563;Lampy zewn?trzne
629;628;Lampy ogrodowe
630;628;Na?wietlacze LED
631;563;Meble ogrodowe
632;631;Siedziska ogrodowe
633;631;Skrzynie ogrodowe
634;631;Zestawy ogrodowe
635;0;Dziecko
636;635;Zabawki
637;636;AGD dla dzieci
638;636;Budziki dzieci?ce
639;636;Bujaki dla dzieci
640;636;Figurki
641;636;Gry towarzyskie
642;636;Klocki
643;636;Lalki i akcesoria
644;636;Maskotki
645;636;Pistolety
646;636;Pojazdy
647;636;Pojemniki na zabawki
648;636;Pozosta?e
649;636;Puzzle
650;636;Roboty zabawki
651;636;Zabawki do k?pieli
652;636;Zabawki edukacyjne
653;636;Zegarki dzieci?ce
654;635;Dla najm?odszych
655;654;Je?dziki i pchacze
656;654;Grzechotki i gryzaki
657;654;Karuzele
658;654;Kojce dla dzieci
659;654;Krzese?ka do karmienia
660;654;Le?aczki i hu?tawki
661;654;Maty edukacyjne
662;654;Maty koryguj?ce
663;654;Noside?ka
664;654;Otulacze dla niemowl?t
665;654;Podg?ówki koryguj?ce
666;654;?piworki dla dzieci
667;635;Artyku?y szkolne
668;667;Akcesoria na biurko
669;667;Artyku?y pi?miennicze
670;667;Artyku?y plastyczne
671;667;D?ugopisy 3D
672;667;Piórniki
673;667;Plecaki i tornistry
674;667;Portfele i portmonetki
675;667;Pozosta?e
676;667;Pude?ka ?niadaniowe
677;667;Torby i saszetki
678;667;Worki na buty
679;635;Pokój dzieci?cy
680;679;Dekoracje dla dzieci
681;679;Kocyki
682;679;Lampki dzieci?ce
683;679;?ó?eczka
684;679;Pojemniki na zabawki
685;679;Po?ciele i prze?cierad?a dla dzieci
686;679;Projektory dla dzieci
687;635;Komfort i bezpiecze?stwo
688;687;Bramki na schody
689;687;Chodziki
690;687;Elektroniczne nianie
691;687;Foteliki rowerowe
692;687;Je?dziki i pchacze
693;687;Lusterka do obserwacji dziecka
694;687;Smartwatche dla dzieci
695;687;Stopie? dla dziecka
696;687;Zabezpieczenia przed dzie?mi
697;635;Karmienie dziecka
698;697;Akcesoria do karmienia
699;697;Bielizna ci??owa
700;697;Butelki dla dzieci
701;697;Krzese?ka do karmienia
702;697;Kubki dla dzieci
703;697;Laktatory
704;697;Naczynia dla dzieci
705;697;Poduszki do karmienia
706;697;Smoczki
707;697;Smoczki do butelek
708;697;Sterylizatory
709;697;Podgrzewacze
710;697;Sztu?ce dla dzieci
711;697;?liniaki
712;697;Torby dla mam
713;697;Wk?adki laktacyjne
714;635;Zdrowie i higiena
715;714;Aspiratory dla dzieci
716;714;Chusteczki
717;714;Foteliki k?pielowe
718;714;Inhalatory dla dzieci
719;714;Kosmetyki dla dzieci
720;714;Kosze na zu?yte pieluszki
721;714;Maty do k?pieli
722;714;Maty do przewijania
723;714;Nak?adki na sedes dla dzieci
724;714;Nocniki
725;714;Okulary dla dzieci
726;714;Pieluszki
727;714;R?czniki k?pielowe dla dzieci
728;714;Ronda k?pielowe
729;714;Termometry
730;714;Wanienki
731;714;Zabawki do k?pieli
732;714;Zestawy piel?gnacyjne dla dzieci
733;635;Foteliki samochodowe
734;733;Akcesoria do fotelików samochodowych
735;733;Bazy isofix do fotelików
736;733;Foteliki
737;733;Podstawki
738;635;Wózki
739;738;Wózki wielofunkcyjne
740;738;Gondole
741;738;Wózki dla bli?ni?t
742;738;Wózki spacerowe
743;738;Folie przeciwdeszczowe na wózek
744;738;Moskitiery na wózek
745;738;Torby dla mam
746;738;?piworki do wózka
747;738;Pa??ki do wózka
748;738;Tacki do wózka
749;738;Adaptery do wózków
750;738;Parasolki do wózka
751;738;Uchwyty na kubek do wózka
752;738;Dostawki do wózka
753;635;Pojazdy dla dzieci
754;753;Hulajnogi dla dzieci
755;753;Rowerki
756;753;Traktory
757;753;Samochody
758;753;Je?dziki i pchacze
759;635;Pojazdy elektryczne
760;759;Segway
761;759;Deskorolki elektryczne
762;759;Quady elektryczne
763;759;Hulajnogi elektryczne
764;635;Zabawki ogrodowe
765;764;Baseny ogrodowe
766;764;Domki
767;764;Materace do p?ywania
768;764;Place zabaw i piaskownice
769;764;Pojazdy dla dzieci
770;764;Zabawki wodne
771;764;Zje?d?alnie i hu?tawki
772;0;Zdrowie i Uroda
773;772;Kosmetyki damskie
774;773;Kosmetyki damskie do twarzy
775;773;Kosmetyki damskie do cia?a
776;773;Kosmetyki damskie do w?osów
777;773;Kosmetyki damskie do opalania
778;773;Kosmetyki dla mam
779;772;Makija?
780;779;Oczy
781;779;Usta
782;779;Twarz
783;779;Paznokcie
784;779;Akcesoria
785;772;Perfumy damskie
786;785;Wody toaletowe
787;785;Wody perfumowane
788;772;Kosmetyki dla m??czyzn
789;788;Kosmetyki m?skie do twarzy
790;788;Kosmetyki m?skie do cia?a
791;788;Kosmetyki m?skie do golenia
792;788;Kosmetyki m?skie do w?osów
793;788;Kosmetyki m?skie do piel?gnacji brody
794;772;Perfumy m?skie
795;794;Wody toaletowe
796;794;Wody perfumowane
797;772;Kosmetyki dla dzieci
798;797;Akcesoria piel?gnacyjne dla dzieci
799;797;Detergenty przyjazne dzieciom
800;797;Myd?a i ?ele do k?pieli
801;797;Piel?gnacja cia?a dziecka
802;797;Piel?gnacja s?oneczna
803;797;Szampony dla dzieci
804;772;Kosmetyki naturalne
805;804;Kosmetyki naturalne do twarzy
806;804;Kosmetyki naturalne do cia?a
807;804;Kosmetyki naturalne do w?osów
808;772;Higiena jamy ustnej
809;808;Pasty do z?bów
810;808;P?yny do p?ukania jamy ustnej
811;808;Od?wie?acze do ust
812;808;Preparaty do czyszczenia aparatów ortodontycznych
813;772;Zestawy kosmetyków
814;813;Kosmetyki dla kobiet
815;772;Sprz?t sportowy
816;815;Dr??ki gimnastyczne
817;815;Ekspandery
818;815;Gogle narciarskie
819;815;Gryfy
820;815;Hantle
821;815;Kaski narciarskie
822;815;Kettlebell
823;815;?awki treningowe
824;815;Maty do jogi
825;815;Nawigacja piesza
826;815;Orbitreki
827;815;Pi?ki gimnastyczne
828;815;Rolki do masa?u
829;815;Rowery treningowe
830;815;S?uchawki dla sportowców
831;815;Smartwatche i zegarki
832;815;Steppery
833;815;Wagi ?azienkowe
834;815;W?dkarstwo
835;772;Sprz?t medyczny
836;835;Aparaty s?uchowe
837;0;Moto
838;837;Akcesoria dla zmotoryzowanych
839;838;?adowarki samochodowe
840;838;Alkomaty
841;838;Transmitery FM
842;838;Kamery cofania
843;838;Lusterka do obserwacji dziecka
844;838;Odbiorniki GPS
845;838;Odkurzacze r?czne
846;838;Organizery CAR HI-FI
847;838;Podk?adki antypo?lizgowe
848;838;Power Banki
849;838;Przetwornice samochodowe
850;838;Rozga??ziacze gniazda zapalniczki
851;838;Termosy i kubki termiczne
852;838;Torby i etui do nawigacji
853;838;Uchwyty do telefonów
854;838;Wideorejestratory
855;838;Zestawy g?o?nomówi?ce
856;838;Zestawy s?uchawkowe
857;837;Car Audio
858;857;Anteny samochodowe
859;857;Transmitery FM
860;857;Radioodtwarzacze samochodowe
861;837;Nawigacja GPS
862;861;Nawigacja motocyklowa
863;861;Nawigacja piesza
864;861;Nawigacja rowerowa
865;861;Nawigacja samochodowa
866;861;Mapy do nawigacji
867;837;Kamery samochodowe
868;867;Wideorejestratory
869;867;Kamery cofania
870;867;Akcesoria do kamer samochodowych
871;837;Chemia samochodowa
872;871;Piel?gnacja lakieru
873;871;Piel?gnacja wn?trza
874;871;Piel?gnacja metalu i chromu
875;871;P?yny do spryskiwaczy
876;871;Zapachy samochodowe
877;837;O?wietlenie samochodowe
878;877;?arówki H1
879;877;?arówki H4
880;877;?arówki H7
881;877;?arówki D1S
882;877;?arówki D2S
883;877;?arówki D3S
884;877;?arówki D2R
885;837;Sprz?t warsztatowy
886;885;Agregaty pr?dotwórcze
887;885;Akumulatory rozruchowe
888;885;Klucze udarowe
889;885;Kompresory samochodowe
890;885;Lejki samochodowe
891;885;Odkurzacze r?czne
892;885;Podno?niki samochodowe
893;885;Prostowniki samochodowe
894;885;Skrzynki narz?dziowe
895;885;Wyci?garki
896;885;Zestawy bitów
897;885;Wkr?taki
898;837;Pojazdy elektryczne
899;898;Segway
900;898;Deskorolki elektryczne
901;898;Quady elektryczne
902;898;Hulajnogi elektryczne
903;837;Wyposa?enie samochodu
904;903;Baga?niki samochodowe
905;837;Zabezpieczenia przed kradzie??
906;905;Blokady motocyklowe
907;0;Hobby
908;907;Sprz?t sportowy
909;908;Dr??ki gimnastyczne
910;908;Ekspandery
911;908;Gogle narciarskie
912;908;Gryfy
913;908;Hantle
914;908;Kaski narciarskie
915;908;Kettlebell
916;908;?awki treningowe
917;908;Maty do jogi
918;908;Nawigacja piesza
919;908;Orbitreki
920;908;Pi?ki gimnastyczne
921;908;Rolki do masa?u
922;908;Rowery treningowe
923;908;S?uchawki dla sportowców
924;908;Smartwatche i zegarki
925;908;Steppery
926;908;Wagi ?azienkowe
927;908;W?dkarstwo
928;907;Sprz?t rowerowy
929;928;Baga?niki rowerowe
930;928;Foteliki rowerowe
931;928;Koszyki na rower
932;928;Liczniki rowerowe
933;928;Nawigacja rowerowa
934;928;Okulary rowerowe
935;928;O?wietlenie rowerowe
936;928;Pokrowce na rowery
937;928;Sakwy i torby rowerowe
938;928;Uchwyty rowerowe na telefon
939;907;Hulajnogi
940;939;Hulajnogi elektryczne
941;939;Hulajnogi tradycyjne
942;939;Hulajnogi dla dzieci
943;939;Hulajnogi dla doros?ych
944;907;Turystyka
945;944;Adaptery zasilania
946;944;Krzesiwa i zapalniczki
947;944;Kuchenki turystyczne
948;944;Kuchnia turystyczna
949;944;Lodówki turystyczne
950;944;Multitoole
951;944;Odzie? bluetooth
952;944;Odzie? ogrzewana
953;944;Plecaki
954;944;Scyzoryki
955;944;Torby podró?ne
956;944;Torby termoizolacyjne
957;944;Wagi baga?owe
958;944;Walizki podró?ne
959;907;Sprz?t muzyczny
960;959;Akcesoria do gitar
961;959;Gramofony
962;959;Interfejsy
963;959;Klawiatury steruj?ce
964;959;Kontrolery
965;959;Mikrofony
966;959;Miksery audio
967;959;Monitory studyjne
968;959;Perkusje i akcesoria
969;959;Rejestratory d?wi?ku
970;959;Samplery
971;959;S?uchawki studyjne
972;907;Zdalnie sterowane
973;972;Drony
974;972;Roboty zabawki
975;907;W?dkarstwo
976;975;Echosondy
977;907;Odzie? sportowa
978;977;Gogle narciarskie
979;977;Kaski narciarskie
980;977;Koszulki treningowe
981;977;Kurtki sportowe
982;977;Skarpetki sportowe
983;907;Militaria i survival
984;983;Wyposa?enie osobiste
985;983;Wyposa?enie taktyczne
986;907;Muzyka
987;0;Us?ugi
988;987;Do?adowania telefonów GSM
989;987;Naprawy pogwarancyjne notebooków
990;987;Naprawy pogwarancyjne - foto i multimedia
991;987;Us?ugi serwisowe
992;987;Us?ugi finansowe - raty
993;987;Us?ugi finansowe - leasing
994;987;Karty podarunkowe
995;987;Ochrona sprz?tu - ubezpieczenia
996;987;Us?ugi serwerowe
997;987;Odzyskiwanie danych
998;987;Transport z wniesieniem 